cartera,alpha,beta_MKT,beta_SMB,beta_HML,alpha_t,beta_MKT_t,beta_SMB_t,beta_HML_t,alpha_se,r2,sigma_residual,rend_medio
SMALL LoBM,-0.08925808485776535,1.0323834040937943,1.9120665570707653,-0.4695010629056879,-4.597230653013136,9.954867051419185,14.39103611517196,-4.137886795667388,0.019415620314648222,0.8875141990133424,0.13192834776733472,0.013523338709677427
ME1 BM2,-0.01612776885704708,1.016961912797336,1.648363879058249,-0.513361231503379,-0.8847256383136713,10.44442969065801,13.213800313562706,-4.818930758826409,0.0182291189026548,0.8846412495683731,0.12386611908902645,0.07827662903225807
ME1 BM3,-0.016881669128744402,1.113481038963638,1.6624832669929017,-0.1812708942474577,-0.9165741196477056,11.318288312824267,13.190152510421477,-1.684122116621826,0.018418225833425277,0.8805524184884861,0.12515109296694463,0.09738829032258067
ME1 BM4,-0.0032275925241015803,1.0342814220468506,1.7724524384656362,0.14608829366580245,-0.14946162050690528,8.966757609996128,11.994051357392667,1.157603145124756,0.02159479144649353,0.8362264846973495,0.14673572668531462,0.11924561290322581
ME1 BM5,-0.014596764781009155,1.0199040626807885,1.3476943635010796,0.15122469001328673,-0.9742909825766437,12.744920049811654,13.145097550628913,1.7272216459693976,0.014981935625028617,0.8851648279654556,0.10180164122159846,0.09795859677419354
ME1 BM6,-0.00046010770519964365,1.0360013880017778,1.4632583002993595,0.27343770268054624,-0.026168359463690942,11.031207356904973,12.161252760165668,2.661145882594271,0.017582596487871208,0.8596617189406428,0.11947302566246228,0.12024995161290321
ME1 BM7,0.020736190989037985,0.8371152916874279,1.4954443679039802,0.40454562079650114,1.4389855741746433,10.875730858140605,15.164847431988443,4.803836923853881,0.014410284134315669,0.887032983926723,0.09791729266892336,0.1316183387096774
ME1 BM8,0.012881373264596036,0.9535189582126415,1.315502472823178,0.5012411078918745,0.9458453434021702,13.107896926471513,14.115295092124516,6.297931635701932,0.013618900124054341,0.8947396433040548,0.09253987061228709,0.13244224193548387
ME1 BM9,0.02817155447656499,1.0462104478940113,1.1850636104111885,0.6441057768291378,2.2689952254730885,15.77566021267647,13.94776947913794,8.87714391111854,0.0124158720830676,0.911777476713194,0.08436534416435217,0.15732329032258066
SMALL HiBM,0.01893062231431593,1.1226569752049396,1.3607012237944076,0.6971380782785941,1.2465693946869285,13.84026381493458,13.093467438000733,7.855316170890826,0.015186176072508412,0.8943219658924224,0.1031894467280206,0.1596242258064516
ME2 BM1,-0.05818933324405473,1.200167146118307,1.4629048786656282,-0.514609107137237,-2.726881095604429,10.529561235325252,10.017958689982448,-4.126611496080189,0.021339153121803695,0.8538499811155061,0.14499867470058384,0.04633627419354839
ME2 BM2,-0.005744317965905828,1.1858333758791815,1.2815152588342014,-0.3502238104621626,-0.2756126943862905,10.651974921106063,8.985140136828827,-2.875409544246395,0.02084199343102377,0.8367589735429528,0.1416204948887531,0.09984464516129032
ME2 BM3,-0.007970026981545676,1.1009634497985024,1.1453865843712698,0.1422090512715446,-0.39945825265318813,10.330711370328686,8.388880856194401,1.219641353172563,0.01995208993332602,0.8031201960118127,0.13557363693515684,0.10620630645161289
ME2 BM4,-0.0012185132584401652,1.070445463820739,0.9261258483453801,0.15166462255739832,-0.06880551251584828,11.316268453064344,7.641934460882299,1.4654484959294398,0.01770952956944401,0.8095794113614845,0.12033553077213843,0.10630987096774192
ME2 BM5,0.011884481132658206,0.8828533721260463,1.1386799316747134,0.17274806315340635,0.7827617927163921,10.886385125541969,10.95951633594223,1.9469548316135803,0.015182755779910882,0.8451466977327524,0.10316620597938829,0.11025330645161292
ME2 BM6,-0.01705868842403178,1.003467318594851,1.003830815940221,0.4985638763935657,-1.4633480279377429,16.115765627623134,12.58354021555934,7.318399172651257,0.011657300996313319,0.9050243618288916,0.07921088458398738,0.09964401612903227
ME2 BM7,0.020451725908801812,0.8306266081102285,0.9544158666535844,0.4770717581685879,1.670171522938767,12.699384431465143,11.389616191907892,6.666657048288449,0.012245284767408663,0.8706234180377863,0.08320621031540845,0.12202309677419355
ME2 BM8,0.009594185729885825,0.8973137980577852,0.855521853574348,0.6335633071418293,0.6468311480491503,11.325903836395863,8.428576623356873,7.309137239219641,0.014832596974994157,0.8262133531717701,0.10078689118850338,0.11992209677419355
ME2 BM9,0.0008477341120039138,0.961772443956349,0.9498091417504121,0.7519134920816443,0.07424356428274403,15.76947388824086,12.155583963015927,11.26834999423654,0.011418284132688755,0.9065010855861154,0.07758677474894242,0.12245935483870968
ME2 BM10,0.016252312549192058,1.255724685973993,1.0671377601196743,1.0046571446223471,0.5125757691180964,7.414520302397808,4.918172100392054,5.421932158104296,0.03170714171127265,0.6612766139759896,0.21544873409153983,0.17220645161290324
ME3 BM1,-0.04022331907269976,1.1467919156800896,0.7942750959456686,-0.3933978107598256,-2.2200338416262153,11.849827649973026,6.40608894713187,-3.7154115363069002,0.018118335999434788,0.8337174158017998,0.12311335378223591,0.05046022580645158
ME3 BM2,0.015114869203245724,0.9439828522986815,1.2718514387803248,-0.3263475575507171,0.9301104400962058,10.875267582690748,11.436860910170438,-3.436400616389532,0.016250617724151466,0.8675293988838562,0.1104222843154992,0.10276346774193545
ME3 BM3,0.015608705054723284,1.004484999429034,0.5430168672716079,0.06902232008952486,0.9927855184878788,11.961282160959431,5.047103459707348,0.7512273804908421,0.01572213208598878,0.790571003994069,0.10683124596948425,0.10692388709677421
ME3 BM4,-0.0064908904975326445,0.945197583060611,0.7418652543027693,0.17808712224247347,-0.4630975076742456,12.625148174245814,7.734522732990682,2.1741723732509364,0.01401625012004707,0.831265274885259,0.09523984762085724,0.08846264516129033
ME3 BM5,-0.004839446743089836,0.986638269685572,1.0187102168927358,0.28905746986685094,-0.30350218819929103,11.584299810632539,9.335919569560179,3.102012934759876,0.015945343827017393,0.833500453967822,0.10834796064143105,0.1032248387096774
ME3 BM6,0.02620279387920578,0.9853860414488357,0.6824754569587858,0.4878810708584399,2.2753847846488937,16.019884308831717,8.66033347158214,7.249607819193915,0.011515763863758558,0.8807760345322305,0.0782491455438194,0.13431517741935484
ME3 BM7,0.0013373990132942203,0.9649718064038401,0.8605539488648368,0.5840918105793194,0.10810357336667355,14.60290959095624,10.164768243557214,8.078922913271171,0.012371459810657074,0.8799789085824208,0.08406356458560274,0.11516916129032256
ME3 BM8,-0.012849387910582596,0.9367294598300557,0.7820932215915657,0.7456779966468736,-0.9880366135298455,13.484985922820881,8.787987856283177,9.811495797297221,0.013004971409588817,0.8644661392182726,0.08836825004937086,0.10305401612903227
ME3 BM9,0.0367766988652344,0.859091205176026,0.7527087447981687,0.6863299263255574,2.5525713017026814,11.163236660339436,7.634356357195925,8.1513843316678,0.014407706785977994,0.8184541220415096,0.09789977969213971,0.14391433870967746
ME3 BM10,-0.010536631050396521,1.1011554571481075,0.7015507431494469,0.9338588467434977,-0.5933180628207069,11.608608175633522,5.772782752961959,8.99829713637651,0.017758823994509933,0.8084247079205892,0.12067048437896093,0.12319079032258066
ME4 BM1,-0.00914658031934739,1.094687957557457,0.8743484930582011,-0.6531191852697145,-0.5560366542161871,12.458929543815808,7.767290761838655,-6.794076083919407,0.01644959959022989,0.8740548390286568,0.11177435797587988,0.06973001612903225
ME4 BM2,-0.01838511373149815,1.0221525846561816,0.9599927576669676,-0.09982048310712271,-1.2614216629508763,13.129718523922966,9.625033482312753,-1.1719441821853847,0.014574915170308218,0.8663974777490405,0.09903595384058499,0.07695166129032259
ME4 BM3,0.001347719798854489,0.9166393579978346,0.8427487824025266,-0.0485761400775678,0.08669783582382305,11.039588088768166,7.922223854594943,-0.5347181752216335,0.01554502238779251,0.8163765028679049,0.10562779279735066,0.08795535483870967
ME4 BM4,0.012717621930240145,0.9118192131521836,1.010634105959561,0.10470686270260521,0.8130355433539204,10.913349941762732,9.441432666290911,1.1454392607402237,0.015642147547175647,0.8280259120985628,0.10628775429208534,0.10811487096774193
ME4 BM5,-0.000903430705556799,0.9256691607694363,0.6234517263358836,0.2835399741871539,-0.06704323347166374,12.86061153908885,6.7608805768421325,3.600540464420591,0.013475345068770286,0.8223585713095066,0.09156441986951658,0.09389369354838709
ME4 BM6,0.008764681807289095,0.9221793874824633,0.8948001293859272,0.3787433169822979,0.6322800294469727,12.454733573741178,9.432779379738879,4.675322621739499,0.013862025367075365,0.8463972629608294,0.09419189671768513,0.11252267741935483
ME4 BM7,0.027867780583349898,0.8364808071459615,0.717844368297655,0.4735707916291246,2.1822100539770606,12.262975789341066,8.214190970090696,6.345595349410755,0.012770439093414077,0.8331178545699628,0.08677461253125172,0.12474933870967743
ME4 BM8,0.00561174583059083,0.8664613087475702,0.7509534566860986,0.6025392766605334,0.3652264708218729,10.557452809119106,7.141963114455616,6.710315063003105,0.015365112550474945,0.7941006007603018,0.10440531279414987,0.11021617741935483
ME4 BM9,0.0333306097487386,0.931232099399839,0.6482452498325639,0.6952789006932087,2.2350207775721453,11.690738980015473,6.352109517769777,7.977937912762115,0.014912885859139493,0.8095936307510532,0.10133245088001558,0.14413277419354836
ME4 BM10,-0.05104176932275747,1.111723529996506,0.990825971740815,0.8435551617193444,-2.53671726844046,10.34400836208871,7.195882359960218,7.173863812566494,0.02012118967997457,0.7939859161240537,0.1367226628133765,0.08632650000000003
ME5 BM1,-0.012840014823897813,1.087835308245361,0.9708128441252463,-0.6773935086763411,-0.8804526695806059,13.965270769423102,9.727838032317246,-7.94831034163851,0.014583424262901054,0.9033871373034269,0.09909377277753263,0.06666574193548386
ME5 BM2,0.014655270634924347,0.8968300211622473,0.7518286643602968,-0.2652957625507966,0.7963267110153416,9.12332820631379,5.969756928747243,-2.4667267845892966,0.018403590426143583,0.7610292495137985,0.12505164597167562,0.08988990322580645
ME5 BM3,0.012479173077095881,0.8263019262575722,0.857897602559772,0.05396041009416137,0.714950970472528,8.862881392679215,7.182344531940954,0.5290040406150305,0.017454585828239524,0.7522509156830635,0.1186031984538475,0.09620540322580647
ME5 BM4,0.041481687513778516,0.9552976401865891,0.6359494625964891,0.058582526950310215,2.642903294371208,11.394867563669,5.920900861440272,0.6386843189586504,0.015695499567511692,0.7901883257280262,0.10665027909319473,0.1305996290322581
ME5 BM5,-0.007967818150191456,0.8855908037166822,0.5320544017275755,0.41572675629934464,-0.6131799774363684,12.75931530859149,5.9833570551530455,5.474567614768235,0.012994256895836592,0.8130945402115006,0.08829544536563924,0.08664143548387096
ME5 BM6,0.023649318960660737,0.9043287453775432,0.6969182208678179,0.4936755360944347,1.5981650444524962,11.44129134535436,6.882165877483079,5.70870880809604,0.014797795160613457,0.8016735154145981,0.10055041427990381,0.12604282258064517
ME5 BM7,0.012052001330373801,0.9626189330311098,0.540778030519044,0.5097187463028464,0.9198434175229265,13.754818164165,6.031344033039074,6.657001210283735,0.013102231424158027,0.8324552858500891,0.08902912787959204,0.11620879032258064
ME5 BM8,0.00022762060806991603,0.9385161010137391,0.6841194499594714,0.6875142309979978,0.01625606287705286,12.548483364403962,7.139635776636696,8.401924586855163,0.01400219781329872,0.832976699218913,0.09514436276991839,0.11206645161290321
ME5 BM9,0.015761036059661546,0.8982470730364888,0.6095712171051375,0.7939749288764207,1.0286408053805927,10.975404036293902,5.8135815109719156,8.867048227636033,0.015322196025297703,0.7979974600714401,0.10411369675681538,0.1268138548387097
ME5 BM10,-0.019712633776171877,1.0552734662194923,0.7251740162654388,0.9694679740140784,-0.9791627261628921,9.813432913832292,5.263720030029038,8.240185374200282,0.020132132534722846,0.7639158686099835,0.13679701906485864,0.11228679032258063
ME6 BM1,-0.0031318975082819706,0.9968233062033323,0.5424308345624855,-0.6509761300155206,-0.19385968722310873,11.551645965885234,4.906419339576019,-6.895064391704044,0.016155486234110863,0.8446368618722344,0.10977586972259369,0.06126077419354839
ME6 BM2,-0.00018481235236007072,0.9659979337350926,0.5494297949333824,-0.2342462633435047,-0.013741335970561493,13.446828964492196,5.96967239088817,-2.9803270923613963,0.013449372954420166,0.8489359965330343,0.09138794041232146,0.07721854838709678
ME6 BM3,0.005276493005373215,0.969810800875846,0.5761032786638972,0.08407488299838,0.35591721980152874,12.247187603988877,5.678639622954769,0.9704277364708995,0.014825056816064035,0.8036513562278784,0.10073565611625573,0.0951750483870968
ME6 BM4,-0.0005227317328585384,0.9332916962006859,0.43912134366899186,0.2121212719337695,-0.0404863877535859,13.532975239488382,4.969984562907622,2.8113031773355703,0.012911295916051186,0.815737963666545,0.08773172889328988,0.08834464516129033
ME6 BM5,0.0006349111340579465,0.7173094046745703,0.5046774911218224,0.3250952452200354,0.04449212197401483,9.410710669279661,5.1680230200239565,3.898289511650556,0.014270192247264807,0.7187146790117211,0.0969653740129799,0.07840306451612905
ME6 BM6,-0.00822656154819526,0.8895556955481647,0.4316796891705733,0.4944230691597946,-0.5967472134086802,12.080667003082201,4.5758733083635486,6.137112300485522,0.013785672330507105,0.7850419686352815,0.09367308094985362,0.08743796774193546
ME6 BM7,0.013467475626296558,0.9736259913925732,0.4748300907680981,0.5203711778502129,0.9686592199904025,13.110603934416329,4.990722006879539,6.4045902236323045,0.013903213171738553,0.8107588355760846,0.09447176616966853,0.11746333870967741
ME6 BM8,-0.008937285482143988,0.9674508594732066,0.6627639344486916,0.5644647763380274,-0.5723716980514534,11.599710634996814,6.202570593926622,6.1858966876849495,0.015614478340857047,0.7970132543461226,0.10609974316421565,0.10017712903225806
ME6 BM9,0.017416323190395714,0.8501264581035161,0.6523524872924343,0.74953164754075,1.0271571703681799,9.386629585007988,5.6221584035799665,7.564212093952839,0.016955850275720618,0.7539137191038311,0.11521431072580479,0.12404837096774193
ME6 BM10,0.05030000415318748,0.7678009295791608,1.0846286213740766,0.7416214564310435,1.790825678840145,5.117756825207828,5.642956218281245,4.5181523830277,0.028087604922978893,0.5955918014194894,0.19085412931332352,0.1594672741935484
ME7 BM1,0.03177706559974103,1.0133127145747867,0.47240379294070245,-0.6783947333767536,1.7509839519196966,10.453400445675289,3.8038385819796283,-6.396525545053399,0.018148119270254958,0.8130729717898919,0.12331572989212758,0.0949524677419355
ME7 BM2,0.000542376302308913,0.992189866048906,0.5078155010578956,-0.11388762847231719,0.04050822615113274,13.873403806903035,5.542284322318399,-1.455500521182806,0.013389287901310547,0.8430951235913096,0.09097966492826268,0.08347919354838712
ME7 BM3,0.003060691278723906,1.009417147557015,0.2875005975615403,0.1476191462855912,0.21531750182902834,13.294628459139451,2.955553914494468,1.7770342218514645,0.014214781672296341,0.7931544612069252,0.09658886141714423,0.09221493548387097
ME7 BM4,-0.016830562933433917,0.9150531450862972,0.3325278891618674,0.3278017839621444,-1.2728533957211854,12.956025132216228,3.6749221801053333,4.242133697879198,0.013222703407958381,0.7889683441302774,0.08984773009355493,0.07260396774193548
ME7 BM5,-0.0158686765732076,0.9819342038714289,0.2667142425703641,0.40817215634245535,-1.0947892359307263,12.682881027037261,2.688910492111932,4.818662192555003,0.014494732001741844,0.7723843617498445,0.09849111248211803,0.08025546774193548
ME7 BM6,-0.014602644743461027,1.1111041494019336,0.30017494976419995,0.5493813923570899,-0.9604328337885953,13.68157100490627,2.8850294686733995,6.183049457083719,0.015204233164185298,0.8001199531797099,0.10331214392913025,0.09733112903225806
ME7 BM7,0.029255132650179094,0.8789632735880903,0.3762443449678215,0.4214859050582565,2.1506564358655984,12.097215456991345,4.041841469965074,5.302068301806298,0.013602885222531818,0.7755569737421327,0.09243105000994306,0.12026382258064518
ME7 BM8,0.0007667481637242306,1.0516463030516636,0.35525843491112197,0.43058972409979684,0.04626407208560777,11.879728933142303,3.132390063378616,4.445781030681528,0.01657329606234029,0.7562234660964156,0.11261487045633158,0.10495017741935485
ME7 BM9,-0.004758597929250672,1.1422569199705892,0.4070490758044196,0.8442254553757578,-0.27724604522277563,12.459363792576095,3.465560218278195,8.41662712400328,0.017163808145313646,0.7935839425395963,0.11662737596379383,0.12261493548387097
ME7 BM10,-0.022633721682881375,1.284997096456069,0.21423753370707155,0.7760075760542697,-1.004694463265078,10.678884869660035,1.3896771794284042,5.894368654411727,0.022527964978851196,0.7048320745669975,0.15307660275875493,0.10914359677419357
ME8 BM1,0.03883416880014879,0.8727162239413393,0.41219014759952466,-0.7172477027071363,2.575016064607517,10.833896910230422,3.9939614029931896,-8.138200595640283,0.015081136515576604,0.8411223605784451,0.10247570722489635,0.08849572580645163
ME8 BM2,0.004653638945640701,0.8982834479840041,0.3102049929771259,-0.23873163629709668,0.376486109633782,13.605527671255034,3.667291096906787,-3.30490928170633,0.012360718832807455,0.8364833302855315,0.08399058007940921,0.07161446774193551
ME8 BM3,0.005708394932504452,0.910073866524817,0.1742635152492344,0.07228748629311363,0.3633784306249415,10.845947472119583,1.6210332813163455,0.7874111345183328,0.01570922886833735,0.7119167481889248,0.10674356913206942,0.08206595161290323
ME8 BM4,-0.005087599792022175,0.9409014719085833,0.2796135382207588,0.24271628577360663,-0.3294850915300329,11.40808362058715,2.6461919913405616,2.689769352951531,0.01544106219919342,0.7358532359525307,0.10492138755800268,0.08210422580645159
ME8 BM5,0.021087482921355843,0.9118274429781036,0.29091175757802734,0.4634964659778047,1.6280239657356121,13.179363277466342,3.281993012399783,6.12316232525096,0.0129528086595627,0.7934194310695587,0.08801380629148824,0.1143526129032258
ME8 BM6,-0.022539668263973592,0.9158645039785965,0.12856855783479734,0.4743440304500658,-1.695653413872214,12.899311085372958,1.4133986401979586,6.106274223276774,0.013292615153294648,0.7693193574350368,0.09032277755030736,0.06799304838709677
ME8 BM7,-0.004814150769203783,0.9988381609128028,0.3265106616749389,0.556790372687403,-0.3512794373312992,13.6450109267354,3.4815347645738655,6.952132716971096,0.013704618766692723,0.8075188353915084,0.09312232529119367,0.09931048387096775
ME8 BM8,0.0010728608135782951,1.042718060550101,0.3068805845298992,0.6260331161135977,0.05983118252460088,10.88671414686646,2.50088628179234,5.974131895084424,0.01793146597323503,0.7265937526344238,0.121843579579597,0.11068906451612903
ME8 BM9,-0.0027167876983266153,0.9904226591087548,0.5275791818768845,0.6469285554689473,-0.17209436653473295,11.745654989769694,4.883587012141965,7.012301312254593,0.01578661610505594,0.7865435515377579,0.10726941224772103,0.10831553225806449
ME8 BM10,-0.021203711861676966,1.2216311825195285,0.25768503722817543,0.6848315364790992,-0.8798539514531091,9.490400163735396,1.5625294962086291,4.862680573763475,0.024099126709220667,0.6549898031640133,0.163752582604041,0.10328556451612902
ME9 BM1,0.009475181371166689,1.0014774164205527,0.05393181990674133,-0.4836514233110235,0.7481105016542873,14.80352358621393,0.6222481627809193,-6.534373958646571,0.012665483708909768,0.8642826454095162,0.0860614449763376,0.06999287096774193
ME9 BM2,0.002676863596752014,0.9776304393926287,0.03317646564272049,-0.01709040209375677,0.2057663564666279,14.069172725114957,0.3726649701321467,-0.22479865180240785,0.01300923845238111,0.801639481960419,0.08839724443102423,0.07797579032258065
ME9 BM3,0.005547161658167727,0.9676015698547958,0.07510362933737547,0.1566266582222392,0.517811947160694,16.909996922747766,1.0244776693640676,2.501843973666196,0.010712695387938318,0.8468090115584794,0.07279232802050477,0.08731324193548388
ME9 BM4,-0.00861726085973001,0.8948590051083838,0.021361181047781584,0.29220901297589236,-0.6720805470417966,13.066293773739984,0.24345442583279606,3.89976994798476,0.01282176801227086,0.7592008851260563,0.08712339044036391,0.07136962903225806
ME9 BM5,-0.001858915027540195,0.9799884135346386,0.08818666849694164,0.3177330668626816,-0.12397949529975474,12.236493593374226,0.8594756755440935,3.626152262964529,0.01499372959250845,0.7399636911839238,0.10188178074936116,0.08702690322580646
ME9 BM6,0.007053160582556216,0.8791883228124858,0.057687153693107264,0.3788189824158683,0.5387284229809368,12.572271442195966,0.6438809212553677,4.95120771502114,0.013092237724397542,0.7498312404068834,0.08896122109752086,0.0897701129032258
ME9 BM7,-0.0006383133302288932,0.9037276280048073,0.086585044645563,0.561548217601432,-0.042051669651856596,11.146348297319133,0.8335517030361468,6.330378515204658,0.01517926245291693,0.7171952578284118,0.10314246896501254,0.09125893548387097
ME9 BM8,-0.02000822793021727,0.9201164579596305,0.0857128184918135,0.6008913400626525,-1.5184190474260366,13.072887869551304,0.9505372068364716,7.803191365562775,0.01317701326530013,0.7796006319860006,0.08953726743861679,0.07456977419354838
ME9 BM9,0.0064456405811322455,1.0605187551131978,-0.03747808632843645,0.4773866440674321,0.3171997106434817,9.770814567538716,-0.2695159257358052,4.020038920718356,0.020320449120386677,0.636116245927825,0.1380766225800279,0.10470151612903225
ME9 BM10,-0.039045034080888504,1.0575449738138092,-0.011734184258811623,1.0159151089239198,-1.4404793607776072,7.304421055447767,-0.06326076877991271,6.413453479291401,0.027105583838293253,0.5672195092228594,0.18418133611508003,0.07921416129032259
BIG LoBM,0.028548302009566127,1.0086556104486428,-0.30417207086680365,-0.47876462227516997,2.635356777916432,17.43202199732218,-4.103163275042284,-7.562658388569543,0.010832803455225902,0.8922437582015252,0.0736084574366133,0.08220975806451614
ME10 BM2,0.01850498613370361,0.9757519672728722,-0.3772548182133449,-0.060346964819361575,1.9810899140334675,19.556925385781938,-5.90188232637088,-1.1055137552277439,0.009340810834793337,0.8823919848202904,0.06347042846278646,0.08338222580645162
ME10 BM3,0.004770720841966012,0.9572095526048594,-0.20223385984871706,0.02953860858114299,0.4601025311760407,17.28316842742586,-2.850130966629201,0.4874767954964582,0.010368821118570801,0.8481178307350978,0.07045571639223096,0.07521535483870968
ME10 BM4,-0.0019820285597086772,0.8751632320172538,-0.04658933900384675,0.15653776501314065,-0.11046546852519551,9.131695358895279,-0.37944034601202975,1.492894284630632,0.017942517115713916,0.604168619135742,0.12191867164178985,0.07009009677419355
ME10 BM5,-0.005644812233117803,0.8467963434932434,-0.12045629889328849,0.12014183793485919,-0.3669069263580433,10.30459919874127,-1.1441323177048213,1.336269258213408,0.015384861466499972,0.6574146974853122,0.10453950587266882,0.06134917741935484
ME10 BM6,0.005224045802215083,0.9018034857562872,-0.1836027769077698,0.41170369272310503,0.31984823336684925,10.337002237957563,-1.6426935569883288,4.313353363906886,0.016332889343251035,0.6533889066363323,0.11098131661011824,0.08577096774193549
ME10 BM7,-0.05211547872134287,1.0702272234700283,-0.1989794931214019,0.5732901813572058,-3.919869360500154,15.070462343653038,-2.1870238043617287,7.378577808374891,0.01329520806139652,0.8044714745820077,0.09034039625505377,0.04697153225806452
ME10 BM8,-0.0021480039001540614,0.9785009674849218,-0.4779218072446698,0.7483036896166231,-0.10617484667753055,9.055106377200698,-3.4521030576684,6.329330286442883,0.020230817066097414,0.6297211081978975,0.13746757642864363,0.0903693064516129
ME10 BM9,-0.0090806511720175,1.0227478645920036,-0.21533499955011443,0.5683300308071562,-0.4874947982313461,10.27938884889459,-1.6893045232470982,5.22091826002263,0.01862717552056458,0.6578789292840659,0.12657089756468867,0.08582535483870968
BIG HiBM,-0.036515519592044174,1.2138151693755985,-0.3441685216610819,0.7572368744567938,-1.352012036265741,8.28836434833251,-1.8567298504991168,4.891729898019845,0.027008279965391496,0.5732003861127438,0.17967091673403512,0.07949658333333333
